-- MySQL dump 10.13  Distrib 8.0.41, for Win64 (x86_64)
--
-- Host: localhost    Database: ders_programi
-- ------------------------------------------------------
-- Server version	8.0.41

/*!40101 SET @OLD_CHARACTER_SET_CLIENT=@@CHARACTER_SET_CLIENT */;
/*!40101 SET @OLD_CHARACTER_SET_RESULTS=@@CHARACTER_SET_RESULTS */;
/*!40101 SET @OLD_COLLATION_CONNECTION=@@COLLATION_CONNECTION */;
/*!50503 SET NAMES utf8 */;
/*!40103 SET @OLD_TIME_ZONE=@@TIME_ZONE */;
/*!40103 SET TIME_ZONE='+00:00' */;
/*!40014 SET @OLD_UNIQUE_CHECKS=@@UNIQUE_CHECKS, UNIQUE_CHECKS=0 */;
/*!40014 SET @OLD_FOREIGN_KEY_CHECKS=@@FOREIGN_KEY_CHECKS, FOREIGN_KEY_CHECKS=0 */;
/*!40101 SET @OLD_SQL_MODE=@@SQL_MODE, SQL_MODE='NO_AUTO_VALUE_ON_ZERO' */;
/*!40111 SET @OLD_SQL_NOTES=@@SQL_NOTES, SQL_NOTES=0 */;

--
-- Table structure for table `dersler`
--

DROP TABLE IF EXISTS `dersler`;
/*!40101 SET @saved_cs_client     = @@character_set_client */;
/*!50503 SET character_set_client = utf8mb4 */;
CREATE TABLE `dersler` (
  `id` int NOT NULL AUTO_INCREMENT,
  `isim` varchar(255) NOT NULL,
  `gun` varchar(50) NOT NULL,
  `saat` varchar(50) NOT NULL,
  `derslik` varchar(50) NOT NULL,
  `ogretmen` varchar(255) NOT NULL,
  `sinif` int DEFAULT NULL,
  `ogrenciSayisi` int DEFAULT '0',
  PRIMARY KEY (`id`)
) ENGINE=InnoDB AUTO_INCREMENT=77 DEFAULT CHARSET=utf8mb4 COLLATE=utf8mb4_0900_ai_ci;
/*!40101 SET character_set_client = @saved_cs_client */;

--
-- Dumping data for table `dersler`
--

LOCK TABLES `dersler` WRITE;
/*!40000 ALTER TABLE `dersler` DISABLE KEYS */;
INSERT INTO `dersler` VALUES (26,'YZM308 Makine Öğrenmesi','Salı','14:00-16:00','108','Kaplan KAPLAN',3,56),(27,'YZM302 Yazılım Proje Yönetimi','Çarşamba','10:00-12:00','108','Samet DİRİ',3,50),(28,'YZM408 Mobil Programlama','Cuma','14:00-16:00','1044 Lab','Uğur YILDIZ',3,50),(30,'FEF114 Matematik II','Pazartesi','13:00-15:00','Amfi-1','Arzu COŞKUN',1,50),(31,'YZM204 Otomata Teorisi','Salı','10:00-12:00','Amfi-1','Onur GÖK',2,50),(32,'YZM402 Robot Programlama','Çarşamba','14:00-16:00','108','Levent BAYINDIR',4,65),(39,'YZM208 Bilgisayar Organizasyonu','Çarşamba','10:00-12:00','108','Kerem KÜÇÜK',2,50),(47,'YZM202 Linux Temelleri','Pazartesi','09:00-11:00','Z054','Serdar SOLAK',2,50),(49,'YZM206 Bilgi Güvenliği','Pazartesi','14:00-16:00','Z054','Nur Banu ALBAYRAK',3,50),(54,'YZM208 Programlama II','Pazartesi','10:00-12:50','Amfi-1','İrfan KÖSESOY',1,50),(55,'YZM408 Yapay Zeka ve Uzman Sistemler','Pazartesi','10:00-12:50','108','Radwan Ali Abdulghani Saleh',4,50),(56,'Metin Madenciliği','Pazartesi','14:00-16:50','108','İrfan KÖSESOY',4,50),(57,'FEF112 Fizik II','Salı','09:00-10:50','Z054','Recep Taygun GÜRAY',1,50),(58,'YZM210 Algoritma Analizi','Salı','14:00-14:50','Amfi-1','Mehmet Zeki KONYAR',2,50),(59,'Veri Gizleme','Salı','09:00-11:50','108','Mehmet Zeki KONYAR',4,50),(60,'YZM418 İleri Veritabanı Sistemleri','Salı','14:00-16:50','1044 Lab','Samet DİRİ',4,60),(62,'YZM208 Programlama Laboratuvarı II','Çarşamba','09:00-11:50','1044 Lab','İrfan KÖSESOY',1,50),(63,'FEF112 Fizik II','Çarşamba','14:00-16:50','Amfi-1','Recep Taygun GÜRAY',1,50),(64,'YZM402 Robot Programlama','Çarşamba','14:00-16:50','108','Levent BAYINDIR',4,50),(65,'FEF102 Lineer Cebir','Perşembe','10:00-11:50','Amfi-1','Banu PAZAR VAROL',1,50),(66,'FEF114 Matematik II','Perşembe','12:00-13:50','Amfi-1','Arzu COŞKUN',1,50),(67,'Web Teknolojileri','Perşembe','14:00-16:50','Amfi-1','Hakan GÜNDÜZ',1,50),(68,'YZM216 Web Programlama','Perşembe','13:00-15:50','Z054','Levent BAYINDIR',2,60),(69,'Ayrık Matematik','Perşembe','10:00-12:50','Z054','Levent BAYINDIR',2,50),(70,'YZM326 Optimizasyon Teknikleri','Perşembe','10:00-12:50','1044 Lab',' Radwan Ali Abdulghani Saleh ',3,50),(71,'YZM402 Yazılım Kalite Güvencesi','Perşembe','13:00-15:50','108','Kerem KÜÇÜK',4,50),(72,'KYP102 Kariyer Planlama','Cuma','11:00-12:50','Z054','Levent BAYINDIR',1,50),(73,'YZM206 Yazılım Mimarisi ve Tasarımı','Cuma','09:00-11:50','Amfi-1','Hakan GÜNDÜZ',2,50),(74,'Olasılık ve Raslantı Değişkenleri','Cuma','13:00-15:50','Amfi-1','Orhan AKBULUT',2,50),(75,'YZM208 Yazılım Geliştirme-II ','Cuma','09:00-11:50','1044 Lab','İrfan KÖSESOY',3,50),(76,'Kablosuz Ağlar','Cuma','09:00-11:50','108','Adnan KAVAK',4,50);
/*!40000 ALTER TABLE `dersler` ENABLE KEYS */;
UNLOCK TABLES;

--
-- Table structure for table `derslikler`
--

DROP TABLE IF EXISTS `derslikler`;
/*!40101 SET @saved_cs_client     = @@character_set_client */;
/*!50503 SET character_set_client = utf8mb4 */;
CREATE TABLE `derslikler` (
  `id` int NOT NULL AUTO_INCREMENT,
  `ad` varchar(50) NOT NULL,
  `kapasite` int NOT NULL,
  PRIMARY KEY (`id`)
) ENGINE=InnoDB AUTO_INCREMENT=17 DEFAULT CHARSET=utf8mb4 COLLATE=utf8mb4_0900_ai_ci;
/*!40101 SET character_set_client = @saved_cs_client */;

--
-- Dumping data for table `derslikler`
--

LOCK TABLES `derslikler` WRITE;
/*!40000 ALTER TABLE `derslikler` DISABLE KEYS */;
INSERT INTO `derslikler` VALUES (13,'Z054',75),(14,'108',65),(15,'1044 Lab',60),(16,'Amfi-1',100);
/*!40000 ALTER TABLE `derslikler` ENABLE KEYS */;
UNLOCK TABLES;

--
-- Table structure for table `kullanicilar`
--

DROP TABLE IF EXISTS `kullanicilar`;
/*!40101 SET @saved_cs_client     = @@character_set_client */;
/*!50503 SET character_set_client = utf8mb4 */;
CREATE TABLE `kullanicilar` (
  `id` int NOT NULL AUTO_INCREMENT,
  `kullanici_adi` varchar(50) DEFAULT NULL,
  `sifre` varchar(255) DEFAULT NULL,
  `rol` varchar(30) DEFAULT NULL,
  PRIMARY KEY (`id`),
  UNIQUE KEY `kullanici_adi` (`kullanici_adi`)
) ENGINE=InnoDB AUTO_INCREMENT=22 DEFAULT CHARSET=utf8mb4 COLLATE=utf8mb4_0900_ai_ci;
/*!40101 SET character_set_client = @saved_cs_client */;

--
-- Dumping data for table `kullanicilar`
--

LOCK TABLES `kullanicilar` WRITE;
/*!40000 ALTER TABLE `kullanicilar` DISABLE KEYS */;
INSERT INTO `kullanicilar` VALUES (1,'baskan','$2b$10$Dwb/Z1noQxYS7leAvRUEmePz5RqZfDmTs6IRijz/EgJtGwBU.bQl2','bolum_baskani'),(2,'sekreter','$2b$10$Dwb/Z1noQxYS7leAvRUEmePz5RqZfDmTs6IRijz/EgJtGwBU.bQl2','sekreter'),(3,'hoca','$2b$10$Dwb/Z1noQxYS7leAvRUEmePz5RqZfDmTs6IRijz/EgJtGwBU.bQl2','ogretim_elemani'),(4,'Nur Banu ALBAYRAK','$2b$12$jkHvaH.HnpzFKL4s/IXUmOl6n1QbIZs7SAbo0/wUowgQQK47X.016','ogretim_elemani'),(5,'Kaplan KAPLAN','$2b$12$jkHvaH.HnpzFKL4s/IXUmOl6n1QbIZs7SAbo0/wUowgQQK47X.016','ogretim_elemani'),(6,'Serdar SOLAK','$2b$12$jkHvaH.HnpzFKL4s/IXUmOl6n1QbIZs7SAbo0/wUowgQQK47X.016','ogretim_elemani'),(8,'Ahmet','$2b$12$jkHvaH.HnpzFKL4s/IXUmOl6n1QbIZs7SAbo0/wUowgQQK47X.016','ogretim_elemani'),(9,'Kerem KÜÇÜK','$2b$12$jkHvaH.HnpzFKL4s/IXUmOl6n1QbIZs7SAbo0/wUowgQQK47X.016','bolum_baskani'),(10,'Levent BAYINDIR','$2b$12$jkHvaH.HnpzFKL4s/IXUmOl6n1QbIZs7SAbo0/wUowgQQK47X.016','ogretim_elemani'),(11,'Onur GÖK','$2b$12$jkHvaH.HnpzFKL4s/IXUmOl6n1QbIZs7SAbo0/wUowgQQK47X.016','ogretim_elemani'),(12,'Arzu COŞKUN','$2b$12$jkHvaH.HnpzFKL4s/IXUmOl6n1QbIZs7SAbo0/wUowgQQK47X.016','ogretim_elemani'),(13,'Uğur YILDIZ','$2b$12$jkHvaH.HnpzFKL4s/IXUmOl6n1QbIZs7SAbo0/wUowgQQK47X.016','ogretim_elemani'),(14,'Samet DİRİ','$2b$12$jkHvaH.HnpzFKL4s/IXUmOl6n1QbIZs7SAbo0/wUowgQQK47X.016','ogretim_elemani'),(15,'Taha','$2b$10$JHZlFM1DqYCMoB0YhdE2U.zmiX2xTQARafB46fEjq23ZoJg264Q.q','sekreter'),(16,'Rabia','$2b$10$hfzqnVwQ5BPhUaatoTLCKeFIqZKaDNE2g0i/c.X7lYG160zG0BCFK','ogretim_elemani'),(17,'Furkan','$2b$10$XSEkytZKpegcuQ9VaP5bXO5M.ooPtHlm4yW3X9w8j0MFG8w4NdApq','ogretim_elemani'),(18,'Ali','$2b$10$QWtlPaLw2O.dtouE6ZpJAurB3O9u7mt1ILyrgB257U/b1ErDdmOrO','ogretim_elemani'),(19,'ds','$2b$10$TLjU9GOIYBPC39wGcUW7GekhpX0Zoktl.ay8ugBFpM.g2G1Wy4a3.','ogretim_elemani'),(20,'...','$2b$10$bdFzvOuOgFVS3e0nQmprD.KaKYjob8P88vFpvKIF4opbP4y8qC.Cy','ogretim_elemani'),(21,'İrfan KÖSESOY','$2b$10$c95RmUrCYaCLqxiWMZRysOZZy..y3eWBC8/Pv27ykqihy0UWSOGiu','ogretim_elemani');
/*!40000 ALTER TABLE `kullanicilar` ENABLE KEYS */;
UNLOCK TABLES;

--
-- Table structure for table `ogrenci_ders`
--

DROP TABLE IF EXISTS `ogrenci_ders`;
/*!40101 SET @saved_cs_client     = @@character_set_client */;
/*!50503 SET character_set_client = utf8mb4 */;
CREATE TABLE `ogrenci_ders` (
  `id` int NOT NULL AUTO_INCREMENT,
  `ogrenci_id` int NOT NULL,
  `ders_id` int NOT NULL,
  `notu` int DEFAULT NULL,
  PRIMARY KEY (`id`),
  KEY `ogrenci_id` (`ogrenci_id`),
  KEY `ders_id` (`ders_id`),
  CONSTRAINT `ogrenci_ders_ibfk_1` FOREIGN KEY (`ogrenci_id`) REFERENCES `ogrenciler` (`id`) ON DELETE CASCADE,
  CONSTRAINT `ogrenci_ders_ibfk_2` FOREIGN KEY (`ders_id`) REFERENCES `dersler` (`id`) ON DELETE CASCADE
) ENGINE=InnoDB AUTO_INCREMENT=2753 DEFAULT CHARSET=utf8mb4 COLLATE=utf8mb4_0900_ai_ci;
/*!40101 SET character_set_client = @saved_cs_client */;

--
-- Dumping data for table `ogrenci_ders`
--

LOCK TABLES `ogrenci_ders` WRITE;
/*!40000 ALTER TABLE `ogrenci_ders` DISABLE KEYS */;
INSERT INTO `ogrenci_ders` VALUES (1,1,27,78),(2,2,27,25),(3,1,27,85),(4,2,27,NULL),(71,4,27,NULL),(72,5,27,NULL),(73,5,28,NULL),(74,6,28,NULL),(75,7,30,NULL),(76,7,26,55),(77,8,31,25),(78,8,30,NULL),(79,9,26,96),(80,10,27,NULL),(81,10,31,75),(144,24,26,39),(204,24,26,NULL),(324,11,26,NULL),(325,11,27,NULL),(326,12,28,NULL),(327,13,30,NULL),(328,13,31,NULL),(329,14,32,NULL),(330,14,39,NULL),(331,15,47,56),(332,15,49,NULL),(333,16,26,NULL),(334,16,28,NULL),(335,17,27,NULL),(336,18,30,NULL),(337,18,32,NULL),(338,19,31,NULL),(339,19,49,NULL),(340,20,47,NULL),(341,20,39,NULL),(342,21,26,NULL),(343,21,27,NULL),(344,22,28,NULL),(345,23,30,NULL),(346,23,31,NULL),(347,24,32,NULL),(348,24,39,NULL),(349,25,47,NULL),(350,25,49,NULL),(351,26,26,NULL),(352,26,28,NULL),(353,27,27,NULL),(354,28,30,NULL),(355,28,32,NULL),(356,29,31,NULL),(357,29,49,NULL),(358,30,47,NULL),(359,30,39,NULL),(360,31,26,NULL),(361,31,27,NULL),(362,32,28,NULL),(363,33,30,NULL),(364,33,31,NULL),(365,34,32,NULL),(366,34,39,NULL),(367,35,47,NULL),(368,35,49,NULL),(369,36,26,NULL),(370,36,28,NULL),(371,37,27,NULL),(372,38,30,NULL),(373,38,32,NULL),(374,39,31,NULL),(375,39,49,NULL),(376,40,47,NULL),(377,40,39,NULL),(1038,41,28,NULL),(1039,42,27,NULL),(1040,42,31,NULL),(1041,43,31,NULL),(1042,43,30,NULL),(1043,44,26,NULL),(1044,44,31,NULL),(1045,45,27,NULL),(1046,45,30,NULL),(1047,46,28,NULL),(1048,47,32,NULL),(1049,47,26,NULL),(1050,48,30,NULL),(1051,48,31,NULL),(1052,49,31,NULL),(1053,49,27,NULL),(1054,50,30,NULL),(1055,50,31,NULL),(1056,51,26,NULL),(1057,52,32,NULL),(1058,52,31,NULL),(1059,52,30,NULL),(1060,53,28,NULL),(1061,53,32,NULL),(1062,54,28,NULL),(1063,54,27,NULL),(1064,55,31,NULL),(1065,55,32,NULL),(1066,56,32,NULL),(1067,57,28,NULL),(1068,57,27,NULL),(1069,58,32,NULL),(1070,58,26,NULL),(1071,58,31,NULL),(1072,59,28,NULL),(1073,59,26,NULL),(1074,60,32,NULL),(1075,60,26,NULL),(1076,261,31,NULL),(1077,262,26,NULL),(1078,262,30,NULL),(1079,263,27,NULL),(1080,263,28,NULL),(1081,264,31,NULL),(1082,264,32,NULL),(1083,264,26,NULL),(1084,265,28,NULL),(1085,265,27,NULL),(1086,266,32,NULL),(1087,266,28,NULL),(1088,266,31,NULL),(1089,267,31,NULL),(1090,267,27,NULL),(1091,268,30,NULL),(1092,268,31,NULL),(1093,269,31,NULL),(1094,269,27,NULL),(1095,270,27,NULL),(1096,271,31,NULL),(1097,271,30,NULL),(1098,271,32,NULL),(1099,273,26,NULL),(1100,273,28,NULL),(1101,274,31,NULL),(1102,274,30,NULL),(1103,275,26,NULL),(1104,275,30,NULL),(1105,276,31,NULL),(1106,276,28,NULL),(1107,277,30,NULL),(1108,277,31,NULL),(1109,278,27,NULL),(1110,279,31,NULL),(1111,280,26,NULL),(1112,280,28,NULL),(1113,282,28,NULL),(1114,283,32,NULL),(1115,283,30,NULL),(1116,284,30,NULL),(1117,284,28,NULL),(1118,285,28,NULL),(1119,286,32,NULL),(1120,286,30,NULL),(1121,287,28,NULL),(1122,287,31,NULL),(1123,288,26,NULL),(1124,288,32,NULL),(1125,290,26,NULL),(1126,290,30,NULL),(1127,291,30,NULL),(1128,291,26,NULL),(1129,292,27,NULL),(1130,292,32,NULL),(1131,293,28,NULL),(1132,293,31,NULL),(1133,294,31,NULL),(1134,294,26,NULL),(1135,294,28,NULL),(1136,295,28,NULL),(1137,295,27,NULL),(1138,297,28,NULL),(1139,297,32,NULL),(1140,298,30,NULL),(1141,299,26,NULL),(1142,300,28,NULL),(1143,300,27,NULL),(1144,301,28,NULL),(1145,302,32,NULL),(1146,302,27,NULL),(1147,303,32,NULL),(1148,303,26,NULL),(1149,304,28,NULL),(1150,305,27,NULL),(1151,305,31,NULL),(1152,305,32,NULL),(1153,306,32,NULL),(1154,307,28,NULL),(1155,307,30,NULL),(1156,308,26,NULL),(1157,308,27,NULL),(1158,309,32,NULL),(1159,310,27,NULL),(1160,310,31,NULL),(1161,311,28,NULL),(1162,312,31,NULL),(1163,313,30,NULL),(1164,313,31,NULL),(1165,314,27,NULL),(1166,314,31,NULL),(1167,314,26,NULL),(1168,315,28,NULL),(1169,315,27,NULL),(1170,316,31,NULL),(1171,316,27,NULL),(1172,317,32,NULL),(1173,317,26,NULL),(1174,317,31,NULL),(1175,318,26,NULL),(1176,318,27,NULL),(1177,319,26,NULL),(1178,319,30,NULL),(1179,321,28,NULL),(1180,321,26,NULL),(1181,322,26,NULL),(1182,322,31,NULL),(1183,323,26,NULL),(1184,323,30,NULL),(1185,323,28,NULL),(1186,324,31,NULL),(1187,324,27,NULL),(1188,325,31,NULL),(1189,325,27,NULL),(1190,326,31,NULL),(1191,327,28,NULL),(1192,327,27,NULL),(1193,327,30,NULL),(1194,328,27,NULL),(1195,328,26,NULL),(1196,329,27,NULL),(1197,329,31,NULL),(1198,330,27,NULL),(1199,331,28,NULL),(1200,332,31,NULL),(1201,332,27,NULL),(1202,332,28,NULL),(1203,333,31,NULL),(1204,334,26,NULL),(1205,334,31,NULL),(1206,335,27,NULL),(1207,336,32,NULL),(1208,336,31,NULL),(1209,337,32,NULL),(1210,338,28,NULL),(1211,338,26,NULL),(1212,338,32,NULL),(1213,339,27,NULL),(1214,340,30,NULL),(1215,340,32,NULL),(1216,341,26,NULL),(1217,341,28,NULL),(1218,341,32,NULL),(1219,342,26,NULL),(1220,342,31,NULL),(1221,343,26,NULL),(1222,344,28,NULL),(1223,345,26,NULL),(1224,345,32,NULL),(1225,346,28,NULL),(1226,346,26,NULL),(1227,347,26,NULL),(1228,347,31,NULL),(1229,348,32,NULL),(1230,348,31,NULL),(1231,348,26,NULL),(1232,349,32,NULL),(1233,349,27,NULL),(1234,350,31,NULL),(1235,350,27,NULL),(1236,351,26,NULL),(1237,351,31,NULL),(1238,352,26,NULL),(1239,353,32,NULL),(1240,353,27,NULL),(1241,353,31,NULL),(1242,354,30,NULL),(1243,354,31,NULL),(1244,354,32,NULL),(1245,355,31,NULL),(1246,355,27,NULL),(1247,356,28,NULL),(1248,356,27,NULL),(1249,357,27,NULL),(1250,358,30,NULL),(1251,358,26,NULL),(1252,359,27,NULL),(1253,360,27,NULL),(1254,361,31,NULL),(1255,361,32,NULL),(1256,361,30,NULL),(1257,362,30,NULL),(1258,363,27,NULL),(1259,364,28,NULL),(1260,364,32,NULL),(1261,365,32,NULL),(1262,365,26,NULL),(1263,365,28,NULL),(1264,366,26,NULL),(1265,366,27,NULL),(1266,367,30,NULL),(1267,368,32,NULL),(1268,368,30,NULL),(1269,368,31,NULL),(1270,369,28,NULL),(1271,369,31,NULL),(1272,370,28,NULL),(1273,370,26,NULL),(1274,370,27,NULL),(1275,371,31,NULL),(1276,371,30,NULL),(1277,372,28,NULL),(1278,372,30,NULL),(1279,373,31,NULL),(1280,373,30,NULL),(1281,374,31,NULL),(1282,375,28,NULL),(1283,375,32,NULL),(1284,376,30,NULL),(1285,376,27,NULL),(1286,377,32,NULL),(1287,378,26,NULL),(1288,378,27,NULL),(1289,378,32,NULL),(1290,379,30,NULL),(1291,379,26,NULL),(1292,380,27,NULL),(1293,380,26,NULL),(1294,381,28,NULL),(1295,381,32,NULL),(1296,382,32,NULL),(1297,383,28,NULL),(1298,384,26,NULL),(1299,384,31,NULL),(1300,385,26,NULL),(1301,386,30,NULL),(1302,387,26,NULL),(1303,388,30,NULL),(1304,389,26,NULL),(1305,390,28,NULL),(1306,390,31,NULL),(1307,391,28,NULL),(1308,391,32,NULL),(1309,392,28,NULL),(1310,392,27,NULL),(1311,392,30,NULL),(1312,393,27,NULL),(1313,393,28,NULL),(1314,394,30,NULL),(1315,394,31,NULL),(1316,395,28,NULL),(1317,395,32,NULL),(1318,396,26,NULL),(1319,396,28,NULL),(1320,397,26,NULL),(1321,397,27,NULL),(1322,397,30,NULL),(1323,398,28,NULL),(1324,399,32,NULL),(1325,399,31,NULL),(1326,399,26,NULL),(1327,400,27,NULL),(1328,401,31,NULL),(1329,401,30,NULL),(1330,402,30,NULL),(1331,402,28,NULL),(1332,402,26,NULL),(1333,403,28,NULL),(1334,403,32,NULL),(1335,404,31,NULL),(1336,404,26,NULL),(1337,405,27,NULL),(1338,405,26,NULL),(1339,405,30,NULL),(1340,406,30,NULL),(1341,406,32,NULL),(1342,406,27,NULL),(1343,407,32,NULL),(1344,407,30,NULL),(1345,407,28,NULL),(1346,408,27,NULL),(1347,409,31,NULL),(1348,409,30,NULL),(1349,409,26,NULL),(1350,410,27,NULL),(1351,410,26,NULL),(1352,411,27,NULL),(1353,411,26,NULL),(1354,412,26,NULL),(1355,412,31,NULL),(1356,413,32,NULL),(1357,413,30,NULL),(1358,414,26,NULL),(1359,414,32,NULL),(1360,415,28,NULL),(1361,415,30,NULL),(1362,415,31,NULL),(1363,416,26,NULL),(1364,416,31,NULL),(1365,416,32,NULL),(1366,417,30,NULL),(1367,418,30,NULL),(1368,418,27,NULL),(1369,418,32,NULL),(1370,419,27,NULL),(1371,420,26,NULL),(1372,420,31,NULL),(1373,421,27,NULL),(1374,422,26,NULL),(1375,422,28,NULL),(1376,423,26,NULL),(1377,423,28,NULL),(1378,424,32,NULL),(1379,424,30,NULL),(1380,425,26,NULL),(1381,427,32,NULL),(1382,428,27,NULL),(1383,428,28,NULL),(1384,429,28,NULL),(1385,429,30,NULL),(1386,430,28,NULL),(1387,430,27,NULL),(1388,431,27,NULL),(1389,431,26,NULL),(1390,432,32,NULL),(1391,433,30,NULL),(1392,433,28,NULL),(1393,434,31,NULL),(1394,434,27,NULL),(1395,435,31,NULL),(1396,435,26,NULL),(1397,436,28,NULL),(1398,436,32,NULL),(1399,436,30,NULL),(1400,437,32,NULL),(1401,437,27,NULL),(1402,438,26,NULL),(1403,438,30,NULL),(1404,439,28,NULL),(1405,439,32,NULL),(1406,440,30,NULL),(1407,440,32,NULL),(1408,441,28,NULL),(1409,442,26,NULL),(1410,442,27,NULL),(1411,443,31,NULL),(1412,443,26,NULL),(1413,444,32,NULL),(1414,444,30,NULL),(1415,445,28,NULL),(1416,445,30,NULL),(1417,446,26,NULL),(1418,448,28,NULL),(1419,448,31,NULL),(1420,449,27,NULL),(1421,450,31,NULL),(1422,450,27,NULL),(1423,451,32,NULL),(1424,451,27,NULL),(1425,452,28,NULL),(1426,452,30,NULL),(1427,452,26,NULL),(1428,453,27,NULL),(1429,453,26,NULL),(1430,454,30,NULL),(1431,454,27,NULL),(1432,455,28,NULL),(1433,456,28,NULL),(1434,457,28,NULL),(1435,457,26,NULL),(1436,458,31,NULL),(1437,459,26,NULL),(1438,459,31,NULL),(1439,460,28,NULL),(1440,458,56,NULL),(1441,4,56,NULL),(1442,267,56,NULL),(1443,412,56,NULL),(1444,274,56,NULL),(1445,55,56,NULL),(1446,373,56,NULL),(1447,433,56,NULL),(1448,407,56,NULL),(1449,419,56,NULL),(1450,456,56,NULL),(1451,388,56,NULL),(1452,302,56,NULL),(1453,33,56,NULL),(1454,445,56,NULL),(1455,323,56,NULL),(1456,268,56,NULL),(1457,397,56,NULL),(1458,416,56,NULL),(1459,438,56,NULL),(1460,280,56,NULL),(1461,429,56,NULL),(1462,12,56,NULL),(1463,405,56,NULL),(1464,377,56,NULL),(1465,40,56,NULL),(1466,348,56,NULL),(1467,290,56,NULL),(1468,411,56,NULL),(1469,367,56,NULL),(1470,366,56,NULL),(1471,21,56,NULL),(1472,57,56,NULL),(1473,328,56,NULL),(1474,2,56,NULL),(1475,432,56,NULL),(1476,318,56,NULL),(1477,26,56,NULL),(1478,1,56,NULL),(1479,5,56,NULL),(1480,374,56,NULL),(1481,54,56,NULL),(1482,300,56,NULL),(1483,45,56,NULL),(1484,379,56,NULL),(1485,340,56,NULL),(1486,32,56,NULL),(1487,421,56,NULL),(1488,404,56,NULL),(1489,36,56,NULL),(1490,44,56,NULL),(1491,393,56,NULL),(1503,316,54,NULL),(1504,303,54,NULL),(1505,364,54,NULL),(1506,310,54,NULL),(1507,2,54,NULL),(1508,294,54,NULL),(1509,356,54,NULL),(1510,456,54,NULL),(1511,447,54,NULL),(1512,278,54,NULL),(1513,55,54,NULL),(1514,384,54,NULL),(1515,57,54,NULL),(1516,49,54,NULL),(1517,459,54,NULL),(1518,438,54,NULL),(1519,377,54,NULL),(1520,405,54,NULL),(1521,315,54,NULL),(1522,340,54,NULL),(1523,40,54,NULL),(1524,428,54,NULL),(1525,48,54,NULL),(1526,308,54,NULL),(1527,306,54,NULL),(1528,442,54,NULL),(1529,277,54,NULL),(1530,398,54,NULL),(1531,418,54,NULL),(1532,373,54,NULL),(1533,341,54,NULL),(1534,296,54,NULL),(1535,397,54,NULL),(1536,392,54,NULL),(1537,29,54,NULL),(1538,11,54,NULL),(1539,420,54,NULL),(1540,275,54,NULL),(1541,406,54,NULL),(1542,354,54,NULL),(1543,267,54,NULL),(1544,18,54,NULL),(1545,399,54,NULL),(1546,34,54,NULL),(1547,297,54,NULL),(1548,448,54,NULL),(1549,415,54,NULL),(1550,335,54,NULL),(1551,396,54,NULL),(1552,401,54,NULL),(1553,287,54,NULL),(1554,334,54,NULL),(1566,280,32,NULL),(1567,305,32,NULL),(1568,389,32,NULL),(1569,453,32,NULL),(1570,268,32,NULL),(1571,47,32,NULL),(1572,49,32,NULL),(1573,336,32,NULL),(1574,443,32,NULL),(1575,341,32,NULL),(1576,411,32,NULL),(1577,319,32,NULL),(1578,290,32,NULL),(1579,14,32,NULL),(1580,303,32,NULL),(1581,339,32,NULL),(1582,35,32,NULL),(1583,281,32,NULL),(1584,419,32,NULL),(1585,355,32,NULL),(1586,457,32,NULL),(1587,391,32,NULL),(1588,278,32,NULL),(1589,399,32,NULL),(1590,388,32,NULL),(1591,363,32,NULL),(1592,396,32,NULL),(1593,324,32,NULL),(1594,442,32,NULL),(1595,367,32,NULL),(1596,55,32,NULL),(1597,291,32,NULL),(1598,8,32,NULL),(1599,28,32,NULL),(1600,387,32,NULL),(1601,354,32,NULL),(1602,456,32,NULL),(1603,415,32,NULL),(1604,379,32,NULL),(1605,365,32,NULL),(1606,345,32,NULL),(1607,5,32,NULL),(1608,22,32,NULL),(1609,412,32,NULL),(1610,299,32,NULL),(1611,56,32,NULL),(1612,359,32,NULL),(1613,269,32,NULL),(1614,276,32,NULL),(1615,313,32,NULL),(1616,331,32,NULL),(1617,332,32,NULL),(1629,396,32,NULL),(1630,449,32,NULL),(1631,58,32,NULL),(1632,37,32,NULL),(1633,453,32,NULL),(1634,43,32,NULL),(1635,389,32,NULL),(1636,368,32,NULL),(1637,460,32,NULL),(1638,342,32,NULL),(1639,395,32,NULL),(1640,305,32,NULL),(1641,437,32,NULL),(1642,379,32,NULL),(1643,270,32,NULL),(1644,446,32,NULL),(1645,283,32,NULL),(1646,361,32,NULL),(1647,276,32,NULL),(1648,424,32,NULL),(1649,321,32,NULL),(1650,388,32,NULL),(1651,40,32,NULL),(1652,394,32,NULL),(1653,345,32,NULL),(1654,19,32,NULL),(1655,32,32,NULL),(1656,12,32,NULL),(1657,264,32,NULL),(1658,455,32,NULL),(1659,364,32,NULL),(1660,415,32,NULL),(1661,418,32,NULL),(1662,387,32,NULL),(1663,45,32,NULL),(1664,320,32,NULL),(1665,56,32,NULL),(1666,311,32,NULL),(1667,367,32,NULL),(1668,1,32,NULL),(1669,267,32,NULL),(1670,375,32,NULL),(1671,332,32,NULL),(1672,266,32,NULL),(1673,412,32,NULL),(1674,427,32,NULL),(1675,376,32,NULL),(1676,286,32,NULL),(1677,386,32,NULL),(1678,328,32,NULL),(1679,59,32,NULL),(1680,414,32,NULL),(1692,1,32,NULL),(1693,34,32,NULL),(1694,54,32,NULL),(1695,286,32,NULL),(1696,59,32,NULL),(1697,402,32,NULL),(1698,326,32,NULL),(1699,266,32,NULL),(1700,375,32,NULL),(1701,421,32,NULL),(1702,40,32,NULL),(1703,45,32,NULL),(1704,415,32,NULL),(1705,360,32,NULL),(1706,398,32,NULL),(1707,309,32,NULL),(1708,261,32,NULL),(1709,458,32,NULL),(1710,306,32,NULL),(1711,386,32,NULL),(1712,444,32,NULL),(1713,7,32,NULL),(1714,328,32,NULL),(1715,380,32,NULL),(1716,301,32,NULL),(1717,456,32,NULL),(1718,454,32,NULL),(1719,428,32,NULL),(1720,55,32,NULL),(1721,314,32,NULL),(1722,393,32,NULL),(1723,329,32,NULL),(1724,376,32,NULL),(1725,33,32,NULL),(1726,373,32,NULL),(1727,308,32,NULL),(1728,426,32,NULL),(1729,359,32,NULL),(1730,367,32,NULL),(1731,394,32,NULL),(1732,13,32,NULL),(1733,378,32,NULL),(1734,432,32,NULL),(1735,434,32,NULL),(1736,20,32,NULL),(1737,431,32,NULL),(1738,437,32,NULL),(1739,441,32,NULL),(1740,296,32,NULL),(1741,14,32,NULL),(1742,317,32,NULL),(1743,353,32,NULL),(1755,399,32,NULL),(1756,331,32,NULL),(1757,378,32,NULL),(1758,337,32,NULL),(1759,53,32,NULL),(1760,288,32,NULL),(1761,309,32,NULL),(1762,274,32,NULL),(1763,270,32,NULL),(1764,346,32,NULL),(1765,360,32,NULL),(1766,384,32,NULL),(1767,340,32,NULL),(1768,397,32,NULL),(1769,41,32,NULL),(1770,332,32,NULL),(1771,11,32,NULL),(1772,300,32,NULL),(1773,326,32,NULL),(1774,21,32,NULL),(1775,334,32,NULL),(1776,449,32,NULL),(1777,292,32,NULL),(1778,8,32,NULL),(1779,379,32,NULL),(1780,455,32,NULL),(1781,349,32,NULL),(1782,317,32,NULL),(1783,338,32,NULL),(1784,46,32,NULL),(1785,370,32,NULL),(1786,277,32,NULL),(1787,296,32,NULL),(1788,49,32,NULL),(1789,406,32,NULL),(1790,323,32,NULL),(1791,359,32,NULL),(1792,291,32,NULL),(1793,431,32,NULL),(1794,400,32,NULL),(1795,57,32,NULL),(1796,345,32,NULL),(1797,40,32,NULL),(1798,429,32,NULL),(1799,405,32,NULL),(1800,327,32,NULL),(1801,10,32,NULL),(1802,444,32,NULL),(1803,407,32,NULL),(1804,395,32,NULL),(1805,275,32,NULL),(1806,59,32,NULL),(1818,261,68,NULL),(1819,360,68,NULL),(1820,421,68,NULL),(1821,373,68,NULL),(1822,10,68,NULL),(1823,46,68,NULL),(1824,318,68,NULL),(1825,51,68,NULL),(1826,388,68,NULL),(1827,16,68,NULL),(1828,435,68,NULL),(1829,267,68,NULL),(1830,44,68,NULL),(1831,41,68,NULL),(1832,416,68,NULL),(1833,327,68,NULL),(1834,396,68,NULL),(1835,60,68,NULL),(1836,311,68,NULL),(1837,328,68,NULL),(1838,273,68,NULL),(1839,376,68,NULL),(1840,345,68,NULL),(1841,344,68,NULL),(1842,33,68,NULL),(1843,277,68,NULL),(1844,357,68,NULL),(1845,418,68,NULL),(1846,7,68,NULL),(1847,298,68,NULL),(1848,265,68,NULL),(1849,402,68,NULL),(1850,350,68,NULL),(1851,319,68,NULL),(1852,449,68,NULL),(1853,334,68,NULL),(1854,285,68,NULL),(1855,411,68,NULL),(1856,374,68,NULL),(1857,25,68,NULL),(1858,440,68,NULL),(1859,405,68,NULL),(1860,31,68,NULL),(1861,26,68,NULL),(1862,36,68,NULL),(1863,455,68,NULL),(1864,404,68,NULL),(1865,346,68,NULL),(1866,47,68,NULL),(1867,309,68,NULL),(1868,354,68,NULL),(1869,279,68,NULL),(1881,398,60,85),(1882,4,60,65),(1883,407,60,NULL),(1884,343,60,NULL),(1885,366,60,NULL),(1886,21,60,NULL),(1887,261,60,NULL),(1888,459,60,NULL),(1889,417,60,NULL),(1890,435,60,NULL),(1891,26,60,NULL),(1892,301,60,NULL),(1893,408,60,NULL),(1894,383,60,NULL),(1895,363,60,NULL),(1896,441,60,NULL),(1897,13,60,NULL),(1898,335,60,NULL),(1899,364,60,NULL),(1900,362,60,NULL),(1901,374,60,NULL),(1902,354,60,NULL),(1903,313,60,NULL),(1904,307,60,NULL),(1905,356,60,NULL),(1906,389,60,NULL),(1907,324,60,NULL),(1908,285,60,NULL),(1909,433,60,NULL),(1910,287,60,NULL),(1911,395,60,NULL),(1912,357,60,NULL),(1913,397,60,NULL),(1914,336,60,NULL),(1915,3,60,NULL),(1916,347,60,NULL),(1917,288,60,NULL),(1918,295,60,NULL),(1919,303,60,NULL),(1920,387,60,NULL),(1921,25,60,NULL),(1922,312,60,NULL),(1923,266,60,NULL),(1924,8,60,NULL),(1925,370,60,NULL),(1926,326,60,NULL),(1927,41,60,NULL),(1928,369,60,NULL),(1929,30,60,NULL),(1930,274,60,NULL),(1931,449,60,NULL),(1932,278,60,NULL),(1944,285,60,NULL),(1945,272,60,NULL),(1946,276,60,NULL),(1947,263,60,NULL),(1948,409,60,NULL),(1949,328,60,NULL),(1950,22,60,NULL),(1951,392,60,NULL),(1952,393,60,NULL),(1953,310,60,NULL),(1954,369,60,NULL),(1955,282,60,NULL),(1956,382,60,NULL),(1957,8,60,NULL),(1958,332,60,NULL),(1959,268,60,NULL),(1960,26,60,NULL),(1961,311,60,NULL),(1962,55,60,NULL),(1963,407,60,NULL),(1964,374,60,NULL),(1965,287,60,NULL),(1966,445,60,NULL),(1967,44,60,NULL),(1968,40,60,NULL),(1969,430,60,NULL),(1970,363,60,NULL),(1971,288,60,NULL),(1972,456,60,NULL),(1973,437,60,NULL),(1974,383,60,NULL),(1975,364,60,NULL),(1976,1,60,NULL),(1977,371,60,NULL),(1978,394,60,NULL),(1979,327,60,NULL),(1980,30,60,NULL),(1981,24,60,NULL),(1982,305,60,NULL),(1983,431,60,NULL),(1984,448,60,NULL),(1985,405,60,NULL),(1986,345,60,NULL),(1987,291,60,NULL),(1988,39,60,NULL),(1989,338,60,NULL),(1990,17,60,NULL),(1991,331,60,NULL),(1992,296,60,NULL),(1993,58,60,NULL),(1994,372,60,NULL),(1995,266,60,NULL),(2007,364,56,NULL),(2008,443,56,NULL),(2009,394,56,NULL),(2010,336,56,NULL),(2011,50,56,NULL),(2012,277,56,NULL),(2013,9,56,NULL),(2014,330,56,NULL),(2015,371,56,NULL),(2016,18,56,NULL),(2017,408,56,NULL),(2018,418,56,NULL),(2019,27,56,NULL),(2020,426,56,NULL),(2021,454,56,NULL),(2022,286,56,NULL),(2023,56,56,NULL),(2024,389,56,NULL),(2025,311,56,NULL),(2026,399,56,NULL),(2027,378,56,NULL),(2028,359,56,NULL),(2029,46,56,NULL),(2030,430,56,NULL),(2031,398,56,NULL),(2032,423,56,NULL),(2033,350,56,NULL),(2034,38,56,NULL),(2035,428,56,NULL),(2036,294,56,NULL),(2037,324,56,NULL),(2038,29,56,NULL),(2039,316,56,NULL),(2040,51,56,NULL),(2041,425,56,NULL),(2042,35,56,NULL),(2043,392,56,NULL),(2044,325,56,NULL),(2045,341,56,NULL),(2046,14,56,NULL),(2047,299,56,NULL),(2048,292,56,NULL),(2049,15,56,NULL),(2050,413,56,NULL),(2051,284,56,NULL),(2052,414,56,NULL),(2053,402,56,NULL),(2054,360,56,NULL),(2055,283,56,NULL),(2056,263,56,NULL),(2057,400,56,NULL),(2058,11,56,NULL),(2070,439,60,NULL),(2071,17,60,NULL),(2072,297,60,NULL),(2073,422,60,NULL),(2074,369,60,NULL),(2075,281,60,NULL),(2076,58,60,NULL),(2077,447,60,NULL),(2078,335,60,NULL),(2079,368,60,NULL),(2080,265,60,NULL),(2081,452,60,NULL),(2082,321,60,NULL),(2083,25,60,NULL),(2084,16,60,NULL),(2085,365,60,NULL),(2086,436,60,NULL),(2087,343,60,NULL),(2088,326,60,NULL),(2089,446,60,NULL),(2090,303,60,NULL),(2091,351,60,NULL),(2092,327,60,NULL),(2093,332,60,NULL),(2094,434,60,NULL),(2095,381,60,NULL),(2096,264,60,NULL),(2097,313,60,NULL),(2098,53,60,NULL),(2099,356,60,NULL),(2100,39,60,NULL),(2101,314,60,NULL),(2102,455,60,NULL),(2103,24,60,NULL),(2104,319,60,NULL),(2105,41,60,NULL),(2106,334,60,NULL),(2107,386,60,NULL),(2108,48,60,NULL),(2109,338,60,NULL),(2110,60,60,NULL),(2111,329,60,NULL),(2112,287,60,NULL),(2113,357,60,NULL),(2114,375,60,NULL),(2115,361,60,NULL),(2116,261,60,NULL),(2117,403,60,NULL),(2118,52,60,NULL),(2119,43,60,NULL),(2120,20,60,NULL),(2121,295,60,NULL),(2133,58,60,NULL),(2134,18,60,NULL),(2135,6,60,NULL),(2136,439,60,NULL),(2137,317,60,NULL),(2138,392,60,NULL),(2139,383,60,NULL),(2140,315,60,NULL),(2141,17,60,NULL),(2142,385,60,NULL),(2143,319,60,NULL),(2144,42,60,NULL),(2145,14,60,NULL),(2146,280,60,NULL),(2147,16,60,NULL),(2148,343,60,NULL),(2149,331,60,NULL),(2150,398,60,NULL),(2151,328,60,NULL),(2152,338,60,NULL),(2153,405,60,NULL),(2154,453,60,NULL),(2155,276,60,NULL),(2156,2,60,NULL),(2157,310,60,NULL),(2158,325,60,NULL),(2159,50,60,NULL),(2160,358,60,NULL),(2161,312,60,NULL),(2162,268,60,NULL),(2163,262,60,NULL),(2164,400,60,NULL),(2165,291,60,NULL),(2166,264,60,NULL),(2167,292,60,NULL),(2168,430,60,NULL),(2169,288,60,NULL),(2170,59,60,NULL),(2171,366,60,NULL),(2172,429,60,NULL),(2173,441,60,NULL),(2174,450,60,NULL),(2175,458,60,NULL),(2176,265,60,NULL),(2177,290,60,NULL),(2178,348,60,NULL),(2179,365,60,NULL),(2180,270,60,NULL),(2181,394,60,NULL),(2182,354,60,NULL),(2183,271,60,NULL),(2184,332,60,NULL),(2196,282,32,NULL),(2197,39,32,NULL),(2198,323,32,NULL),(2199,305,32,NULL),(2200,460,32,NULL),(2201,453,32,NULL),(2202,428,32,NULL),(2203,388,32,NULL),(2204,455,32,NULL),(2205,386,32,NULL),(2206,23,32,NULL),(2207,58,32,NULL),(2208,321,32,NULL),(2209,420,32,NULL),(2210,303,32,NULL),(2211,458,32,NULL),(2212,348,32,NULL),(2213,337,32,NULL),(2214,390,32,NULL),(2215,288,32,NULL),(2216,351,32,NULL),(2217,400,32,NULL),(2218,448,32,NULL),(2219,316,32,NULL),(2220,435,32,NULL),(2221,450,32,NULL),(2222,434,32,NULL),(2223,281,32,NULL),(2224,319,32,NULL),(2225,430,32,NULL),(2226,403,32,NULL),(2227,363,32,NULL),(2228,385,32,NULL),(2229,419,32,NULL),(2230,298,32,NULL),(2231,406,32,NULL),(2232,426,32,NULL),(2233,433,32,NULL),(2234,46,32,NULL),(2235,31,32,NULL),(2236,25,32,NULL),(2237,42,32,NULL),(2238,405,32,NULL),(2239,423,32,NULL),(2240,367,32,NULL),(2241,29,32,NULL),(2242,274,32,NULL),(2243,414,32,NULL),(2244,280,32,NULL),(2245,4,32,NULL),(2246,394,32,NULL),(2247,330,32,NULL),(2248,275,32,NULL),(2249,446,32,NULL),(2250,432,32,NULL),(2251,368,32,NULL),(2252,407,32,NULL),(2253,436,32,NULL),(2254,452,32,NULL),(2255,349,32,NULL),(2256,308,32,NULL),(2257,361,32,NULL),(2258,273,32,NULL),(2259,284,32,NULL),(2260,370,32,NULL),(2323,422,64,100),(2324,318,64,70),(2325,14,64,NULL),(2326,310,64,NULL),(2327,8,64,NULL),(2328,441,64,NULL),(2329,320,64,NULL),(2330,386,64,NULL),(2331,27,64,NULL),(2332,363,64,NULL),(2333,45,64,NULL),(2334,328,64,NULL),(2335,370,64,NULL),(2336,36,64,NULL),(2337,389,64,NULL),(2338,309,64,NULL),(2339,276,64,NULL),(2340,393,64,NULL),(2341,449,64,NULL),(2342,437,64,NULL),(2343,26,64,NULL),(2344,5,64,NULL),(2345,315,64,NULL),(2346,452,64,NULL),(2347,350,64,NULL),(2348,262,64,NULL),(2349,19,64,NULL),(2350,415,64,NULL),(2351,272,64,NULL),(2352,361,64,NULL),(2353,302,64,NULL),(2354,433,64,NULL),(2355,337,64,NULL),(2356,453,64,NULL),(2357,289,64,NULL),(2358,39,64,NULL),(2359,22,64,NULL),(2360,15,64,NULL),(2361,1,64,NULL),(2362,424,64,NULL),(2363,421,64,NULL),(2364,6,64,NULL),(2365,306,64,NULL),(2366,305,64,NULL),(2367,428,64,NULL),(2368,312,64,NULL),(2369,323,64,NULL),(2370,317,64,NULL),(2371,325,64,NULL),(2372,405,64,NULL),(2373,334,64,NULL),(2374,300,64,NULL),(2375,432,64,NULL),(2376,326,64,NULL),(2377,20,64,NULL),(2378,338,64,NULL),(2379,354,64,NULL),(2380,41,64,NULL),(2381,51,64,NULL),(2382,274,64,NULL),(2383,348,64,NULL),(2384,357,64,NULL),(2385,401,64,NULL),(2386,435,64,NULL),(2387,304,64,NULL),(2450,406,64,NULL),(2451,268,64,NULL),(2452,442,64,NULL),(2453,261,64,NULL),(2454,374,64,NULL),(2455,421,64,NULL),(2456,29,64,NULL),(2457,310,64,NULL),(2458,379,64,NULL),(2459,430,64,NULL),(2460,60,64,NULL),(2461,388,64,NULL),(2462,370,64,NULL),(2463,19,64,NULL),(2464,395,64,NULL),(2465,447,64,NULL),(2466,373,64,NULL),(2467,3,64,NULL),(2468,295,64,NULL),(2469,292,64,NULL),(2470,264,64,NULL),(2471,269,64,NULL),(2472,427,64,NULL),(2473,288,64,NULL),(2474,35,64,NULL),(2475,49,64,NULL),(2476,309,64,NULL),(2477,11,64,NULL),(2478,352,64,NULL),(2479,351,64,NULL),(2480,335,64,NULL),(2481,429,64,NULL),(2482,319,64,NULL),(2483,383,64,NULL),(2484,280,64,NULL),(2485,434,64,NULL),(2486,325,64,NULL),(2487,306,64,NULL),(2488,425,64,NULL),(2489,25,64,NULL),(2490,413,64,NULL),(2491,272,64,NULL),(2492,350,64,NULL),(2493,279,64,NULL),(2494,308,64,NULL),(2495,2,64,NULL),(2496,281,64,NULL),(2497,9,64,NULL),(2498,28,64,NULL),(2499,422,64,NULL),(2500,400,64,NULL),(2501,6,64,NULL),(2502,21,64,NULL),(2503,45,64,NULL),(2504,452,64,NULL),(2505,23,64,NULL),(2506,369,64,NULL),(2507,353,64,NULL),(2508,456,64,NULL),(2509,330,64,NULL),(2510,290,64,NULL),(2511,378,64,NULL),(2512,414,64,NULL),(2513,313,64,NULL),(2514,453,64,NULL),(2577,293,69,NULL),(2578,310,69,NULL),(2579,313,69,NULL),(2580,281,69,NULL),(2581,400,69,NULL),(2582,31,69,NULL),(2583,403,69,NULL),(2584,28,69,NULL),(2585,42,69,NULL),(2586,264,69,NULL),(2587,391,69,NULL),(2588,442,69,NULL),(2589,359,69,NULL),(2590,41,69,NULL),(2591,408,69,NULL),(2592,344,69,NULL),(2593,348,69,NULL),(2594,454,69,NULL),(2595,314,69,NULL),(2596,430,69,NULL),(2597,378,69,NULL),(2598,274,69,NULL),(2599,40,69,NULL),(2600,273,69,NULL),(2601,270,69,NULL),(2602,354,69,NULL),(2603,59,69,NULL),(2604,436,69,NULL),(2605,449,69,NULL),(2606,435,69,NULL),(2607,363,69,NULL),(2608,5,69,NULL),(2609,443,69,NULL),(2610,20,69,NULL),(2611,39,69,NULL),(2612,431,69,NULL),(2613,361,69,NULL),(2614,279,69,NULL),(2615,265,69,NULL),(2616,21,69,NULL),(2617,425,69,NULL),(2618,57,69,NULL),(2619,331,69,NULL),(2620,453,69,NULL),(2621,49,69,NULL),(2622,275,69,NULL),(2623,367,69,NULL),(2624,15,69,NULL),(2625,356,69,NULL),(2626,338,69,NULL),(2627,409,69,NULL),(2628,353,69,NULL),(2640,59,69,NULL),(2641,272,69,NULL),(2642,377,69,NULL),(2643,408,69,NULL),(2644,417,69,NULL),(2645,387,69,NULL),(2646,297,69,NULL),(2647,17,69,NULL),(2648,323,69,NULL),(2649,43,69,NULL),(2650,263,69,NULL),(2651,357,69,NULL),(2652,38,69,NULL),(2653,295,69,NULL),(2654,440,69,NULL),(2655,456,69,NULL),(2656,433,69,NULL),(2657,420,69,NULL),(2658,351,69,NULL),(2659,375,69,NULL),(2660,398,69,NULL),(2661,355,69,NULL),(2662,378,69,NULL),(2663,289,69,NULL),(2664,364,69,NULL),(2665,346,69,NULL),(2666,452,69,NULL),(2667,24,69,NULL),(2668,446,69,NULL),(2669,322,69,NULL),(2670,425,69,NULL),(2671,326,69,NULL),(2672,16,69,NULL),(2673,317,69,NULL),(2674,382,69,NULL),(2675,419,69,NULL),(2676,443,69,NULL),(2677,303,69,NULL),(2678,365,69,NULL),(2679,406,69,NULL),(2680,39,69,NULL),(2681,431,69,NULL),(2682,274,69,NULL),(2683,372,69,NULL),(2684,321,69,NULL),(2685,342,69,NULL),(2686,460,69,NULL),(2687,367,69,NULL),(2688,423,69,NULL),(2689,15,69,NULL),(2703,329,72,NULL),(2704,25,72,NULL),(2705,22,72,NULL),(2706,32,72,NULL),(2707,351,72,NULL),(2708,411,72,NULL),(2709,339,72,NULL),(2710,266,72,NULL),(2711,16,72,NULL),(2712,305,72,NULL),(2713,5,72,NULL),(2714,3,72,NULL),(2715,385,72,NULL),(2716,460,72,NULL),(2717,303,72,NULL),(2718,49,72,NULL),(2719,420,72,NULL),(2720,283,72,NULL),(2721,360,72,NULL),(2722,20,72,NULL),(2723,365,72,NULL),(2724,357,72,NULL),(2725,338,72,NULL),(2726,23,72,NULL),(2727,60,72,NULL),(2728,40,72,NULL),(2729,59,72,NULL),(2730,281,72,NULL),(2731,387,72,NULL),(2732,366,72,NULL),(2733,58,72,NULL),(2734,348,72,NULL),(2735,374,72,NULL),(2736,271,72,NULL),(2737,315,72,NULL),(2738,38,72,NULL),(2739,268,72,NULL),(2740,289,72,NULL),(2741,277,72,NULL),(2742,372,72,NULL),(2743,321,72,NULL),(2744,376,72,NULL),(2745,431,72,NULL),(2746,261,72,NULL),(2747,434,72,NULL),(2748,288,72,NULL),(2749,31,72,NULL),(2750,452,72,NULL),(2751,453,72,NULL),(2752,55,72,NULL);
/*!40000 ALTER TABLE `ogrenci_ders` ENABLE KEYS */;
UNLOCK TABLES;

--
-- Table structure for table `ogrenciler`
--

DROP TABLE IF EXISTS `ogrenciler`;
/*!40101 SET @saved_cs_client     = @@character_set_client */;
/*!50503 SET character_set_client = utf8mb4 */;
CREATE TABLE `ogrenciler` (
  `id` int NOT NULL AUTO_INCREMENT,
  `ogrenci_no` varchar(20) NOT NULL,
  `ad_soyad` varchar(100) NOT NULL,
  `sinif` varchar(10) NOT NULL,
  `bolum` varchar(100) NOT NULL DEFAULT 'Yazılım Mühendisliği',
  PRIMARY KEY (`id`),
  UNIQUE KEY `ogrenci_no` (`ogrenci_no`)
) ENGINE=InnoDB AUTO_INCREMENT=461 DEFAULT CHARSET=utf8mb4 COLLATE=utf8mb4_0900_ai_ci;
/*!40101 SET character_set_client = @saved_cs_client */;

--
-- Dumping data for table `ogrenciler`
--

LOCK TABLES `ogrenciler` WRITE;
/*!40000 ALTER TABLE `ogrenciler` DISABLE KEYS */;
INSERT INTO `ogrenciler` VALUES (1,'20210001','Ali Yılmaz','3','Yazılım Mühendisliği'),(2,'20210002','Ayşe Demir','3','Yazılım Mühendisliği'),(3,'20210003','Mehmet Can','2','Yazılım Mühendisliği'),(4,'20210004','Zeynep Şahin','2','Yazılım Mühendisliği'),(5,'20210005','Ahmet Koç','3','Yazılım Mühendisliği'),(6,'20210006','Elif Çelik','3','Yazılım Mühendisliği'),(7,'20210007','Canan Arslan','4','Yazılım Mühendisliği'),(8,'20210008','Burak Güneş','4','Yazılım Mühendisliği'),(9,'20210009','Hatice Yalçın','1','Yazılım Mühendisliği'),(10,'20210010','Emre Tunç','2','Yazılım Mühendisliği'),(11,'20210011','Yusuf Karaca','2','Yazılım Mühendisliği'),(12,'20210012','Selin Aydın','2','Yazılım Mühendisliği'),(13,'20210013','Serkan Polat','2','Yazılım Mühendisliği'),(14,'20210014','Gizem Bozkurt','2','Yazılım Mühendisliği'),(15,'20210015','Onur Yıldız','2','Yazılım Mühendisliği'),(16,'20210016','Büşra Kılıç','2','Yazılım Mühendisliği'),(17,'20210017','Taylan Kurt','2','Yazılım Mühendisliği'),(18,'20210018','Merve Yalçın','2','Yazılım Mühendisliği'),(19,'20210019','Mustafa Demirtaş','2','Yazılım Mühendisliği'),(20,'20210020','Derya Sarı','2','Yazılım Mühendisliği'),(21,'20210021','Deniz Güneş','1','Yazılım Mühendisliği'),(22,'20210022','Esra Kaplan','2','Yazılım Mühendisliği'),(23,'20210023','Furkan Demir','2','Yazılım Mühendisliği'),(24,'20210024','Gizem Aydın','3','Yazılım Mühendisliği'),(25,'20210025','Hakan Şahin','3','Yazılım Mühendisliği'),(26,'20210026','İlayda Kurt','4','Yazılım Mühendisliği'),(27,'20210027','Kaan Öztürk','4','Yazılım Mühendisliği'),(28,'20210028','Lale Yılmaz','1','Yazılım Mühendisliği'),(29,'20210029','Mehmet Çetin','1','Yazılım Mühendisliği'),(30,'20210030','Nazlı Doğan','2','Yazılım Mühendisliği'),(31,'20210031','Oğuz Kılıç','2','Yazılım Mühendisliği'),(32,'20210032','Pelin Karaca','3','Yazılım Mühendisliği'),(33,'20210033','Rıza Tunç','3','Yazılım Mühendisliği'),(34,'20210034','Selin Baran','4','Yazılım Mühendisliği'),(35,'20210035','Tolga Can','4','Yazılım Mühendisliği'),(36,'20210036','Umut Yavuz','1','Yazılım Mühendisliği'),(37,'20210037','Vildan Erdem','1','Yazılım Mühendisliği'),(38,'20210038','Yasin Polat','2','Yazılım Mühendisliği'),(39,'20210039','Zeynep Arı','2','Yazılım Mühendisliği'),(40,'20210040','Ahmet Deniz','3','Yazılım Mühendisliği'),(41,'20211011','Arda Yılmaz','1','Yazılım Mühendisliği'),(42,'20211012','Eylül Demirtaş','2','Yazılım Mühendisliği'),(43,'20211013','Yiğitcan Keskin','3','Yazılım Mühendisliği'),(44,'20211014','Buse Korkmaz','1','Yazılım Mühendisliği'),(45,'20211015','Murat Şahin','4','Yazılım Mühendisliği'),(46,'20211016','Tuğçe Özkan','2','Yazılım Mühendisliği'),(47,'20211017','Serhat Demir','3','Yazılım Mühendisliği'),(48,'20211018','Zeynep Kurt','2','Yazılım Mühendisliği'),(49,'20211019','Emirhan Polat','1','Yazılım Mühendisliği'),(50,'20211020','İpek Güler','4','Yazılım Mühendisliği'),(51,'20211021','Batuhan Karaca','3','Yazılım Mühendisliği'),(52,'20211022','Selin Yüce','2','Yazılım Mühendisliği'),(53,'20211023','Caner Aslan','1','Yazılım Mühendisliği'),(54,'20211024','Sinem Aydın','2','Yazılım Mühendisliği'),(55,'20211025','Ahmet Erdem','4','Yazılım Mühendisliği'),(56,'20211026','Melisa Kaya','3','Yazılım Mühendisliği'),(57,'20211027','Taha Öztürk','2','Yazılım Mühendisliği'),(58,'20211028','Hilal Baş','1','Yazılım Mühendisliği'),(59,'20211029','Kerem Yalçın','3','Yazılım Mühendisliği'),(60,'20211030','Nisa Koç','2','Yazılım Mühendisliği'),(261,'20214000','Duru Boz','4','Yazılım Mühendisliği'),(262,'20214001','Esra Işık','2','Yazılım Mühendisliği'),(263,'20214002','Alp Keser','3','Yazılım Mühendisliği'),(264,'20214003','Büşra Ünlü','3','Yazılım Mühendisliği'),(265,'20214004','Tuana Er','4','Yazılım Mühendisliği'),(266,'20214005','Sami Altun','1','Yazılım Mühendisliği'),(267,'20214006','Ali Er','2','Yazılım Mühendisliği'),(268,'20214007','Dilara Köksal','3','Yazılım Mühendisliği'),(269,'20214008','Ecem Karataş','1','Yazılım Mühendisliği'),(270,'20214009','Nisanur Boz','2','Yazılım Mühendisliği'),(271,'20214010','Rıdvan Taşkın','4','Yazılım Mühendisliği'),(272,'20214011','Baran Boz','2','Yazılım Mühendisliği'),(273,'20214012','Büşra Özdemir','3','Yazılım Mühendisliği'),(274,'20214013','Sami Karataş','3','Yazılım Mühendisliği'),(275,'20214014','Ecem Keser','4','Yazılım Mühendisliği'),(276,'20214015','Sami Yalın','4','Yazılım Mühendisliği'),(277,'20214016','Samet Altun','1','Yazılım Mühendisliği'),(278,'20214017','Kaan Barut','1','Yazılım Mühendisliği'),(279,'20214018','Mert Orhan','2','Yazılım Mühendisliği'),(280,'20214019','Sami Bayraktar','2','Yazılım Mühendisliği'),(281,'20214020','Dilara Erdoğdu','3','Yazılım Mühendisliği'),(282,'20214021','Deniz Yurt','2','Yazılım Mühendisliği'),(283,'20214022','Mina Özdemir','2','Yazılım Mühendisliği'),(284,'20214023','Gamze Bayraktar','1','Yazılım Mühendisliği'),(285,'20214024','Sarp Orhan','4','Yazılım Mühendisliği'),(286,'20214025','Hakan Boz','1','Yazılım Mühendisliği'),(287,'20214026','İrem Uysal','1','Yazılım Mühendisliği'),(288,'20214027','Mina Boz','3','Yazılım Mühendisliği'),(289,'20214028','Sibel Köksal','1','Yazılım Mühendisliği'),(290,'20214029','Mert Keser','1','Yazılım Mühendisliği'),(291,'20214030','Büşra Kurtuluş','1','Yazılım Mühendisliği'),(292,'20214031','Esra Uslu','2','Yazılım Mühendisliği'),(293,'20214032','Sarp Erdoğdu','3','Yazılım Mühendisliği'),(294,'20214033','Büşra Baş','3','Yazılım Mühendisliği'),(295,'20214034','Özge Köksal','3','Yazılım Mühendisliği'),(296,'20214035','Hakan Çakır','2','Yazılım Mühendisliği'),(297,'20214036','Nazlı Tuna','4','Yazılım Mühendisliği'),(298,'20214037','Ecem Canpolat','1','Yazılım Mühendisliği'),(299,'20214038','Ferit Altun','3','Yazılım Mühendisliği'),(300,'20214039','Yiğit Küçük','3','Yazılım Mühendisliği'),(301,'20214040','Cansu Er','3','Yazılım Mühendisliği'),(302,'20214041','Beril Göçer','4','Yazılım Mühendisliği'),(303,'20214042','Beril Ateş','4','Yazılım Mühendisliği'),(304,'20214043','Baran Uysal','2','Yazılım Mühendisliği'),(305,'20214044','Sarp Akın','2','Yazılım Mühendisliği'),(306,'20214045','Ayberk Yalın','3','Yazılım Mühendisliği'),(307,'20214046','Mina Tuna','2','Yazılım Mühendisliği'),(308,'20214047','Duru Özdemir','3','Yazılım Mühendisliği'),(309,'20214048','Gamze Eser','3','Yazılım Mühendisliği'),(310,'20214049','Zeynep Özer','2','Yazılım Mühendisliği'),(311,'20214050','Deniz Güzel','1','Yazılım Mühendisliği'),(312,'20214051','Kaan Ünlü','1','Yazılım Mühendisliği'),(313,'20214052','Sami Baş','2','Yazılım Mühendisliği'),(314,'20214053','Kaan Durmaz','2','Yazılım Mühendisliği'),(315,'20214054','Hazal Akın','4','Yazılım Mühendisliği'),(316,'20214055','İrem Yaman','1','Yazılım Mühendisliği'),(317,'20214056','Sarp Bektaş','1','Yazılım Mühendisliği'),(318,'20214057','İlayda Ateş','2','Yazılım Mühendisliği'),(319,'20214058','Alp Tuna','4','Yazılım Mühendisliği'),(320,'20214059','Duru Köksal','3','Yazılım Mühendisliği'),(321,'20214060','İlayda Karakaya','1','Yazılım Mühendisliği'),(322,'20214061','Ferit Dağ','4','Yazılım Mühendisliği'),(323,'20214062','Kıvanç Baş','2','Yazılım Mühendisliği'),(324,'20214063','Hilal Özer','3','Yazılım Mühendisliği'),(325,'20214064','Özge Dağ','2','Yazılım Mühendisliği'),(326,'20214065','Yiğit Uslu','1','Yazılım Mühendisliği'),(327,'20214066','Bora Ateş','2','Yazılım Mühendisliği'),(328,'20214067','Bora Vural','2','Yazılım Mühendisliği'),(329,'20214068','İrem Altun','3','Yazılım Mühendisliği'),(330,'20214069','Hakan Baş','2','Yazılım Mühendisliği'),(331,'20214070','Alp Bayraktar','3','Yazılım Mühendisliği'),(332,'20214071','Nazlı Boz','2','Yazılım Mühendisliği'),(333,'20214072','Kıvanç Taşkın','4','Yazılım Mühendisliği'),(334,'20214073','Tunahan Karakaya','2','Yazılım Mühendisliği'),(335,'20214074','Ferit Yaman','1','Yazılım Mühendisliği'),(336,'20214075','Duru Akın','4','Yazılım Mühendisliği'),(337,'20214076','Gamze Yaman','3','Yazılım Mühendisliği'),(338,'20214077','Ayberk Koyuncu','2','Yazılım Mühendisliği'),(339,'20214078','Yusuf Dağ','4','Yazılım Mühendisliği'),(340,'20214079','Samet Ünlü','2','Yazılım Mühendisliği'),(341,'20214080','Zehra Erkan','3','Yazılım Mühendisliği'),(342,'20214081','Berkay Bayraktar','1','Yazılım Mühendisliği'),(343,'20214082','Hazal Karataş','4','Yazılım Mühendisliği'),(344,'20214083','Rıdvan Özer','3','Yazılım Mühendisliği'),(345,'20214084','Hakan Bektaş','3','Yazılım Mühendisliği'),(346,'20214085','Can Yolcu','3','Yazılım Mühendisliği'),(347,'20214086','Esra Köksal','2','Yazılım Mühendisliği'),(348,'20214087','Duru Işık','4','Yazılım Mühendisliği'),(349,'20214088','Baran Karakaya','4','Yazılım Mühendisliği'),(350,'20214089','Ferit Uysal','2','Yazılım Mühendisliği'),(351,'20214090','Nazlı Yalın','1','Yazılım Mühendisliği'),(352,'20214091','Sude Köksal','4','Yazılım Mühendisliği'),(353,'20214092','Rıdvan Yavuz','2','Yazılım Mühendisliği'),(354,'20214093','Yusuf Göçer','3','Yazılım Mühendisliği'),(355,'20214094','Alp Türkmen','4','Yazılım Mühendisliği'),(356,'20214095','Sude Tan','1','Yazılım Mühendisliği'),(357,'20214096','Berkay Altun','4','Yazılım Mühendisliği'),(358,'20214097','Deniz Köksal','3','Yazılım Mühendisliği'),(359,'20214098','Halil Barut','1','Yazılım Mühendisliği'),(360,'20214099','Duru Karakaya','4','Yazılım Mühendisliği'),(361,'20214100','Tolga Bayraktar','2','Yazılım Mühendisliği'),(362,'20214101','Hilal Koyuncu','1','Yazılım Mühendisliği'),(363,'20214102','Beril Tan','1','Yazılım Mühendisliği'),(364,'20214103','Beril Türkmen','1','Yazılım Mühendisliği'),(365,'20214104','Engin Orhan','4','Yazılım Mühendisliği'),(366,'20214105','Tuana Özdemir','3','Yazılım Mühendisliği'),(367,'20214106','Neşe Uysal','4','Yazılım Mühendisliği'),(368,'20214107','Tolga Demiral','2','Yazılım Mühendisliği'),(369,'20214108','Okan Er','2','Yazılım Mühendisliği'),(370,'20214109','Okan Yavuz','2','Yazılım Mühendisliği'),(371,'20214110','Ali Önal','1','Yazılım Mühendisliği'),(372,'20214111','Yiğit Çakır','4','Yazılım Mühendisliği'),(373,'20214112','Hazal Balcı','3','Yazılım Mühendisliği'),(374,'20214113','Kıvanç Ünlü','4','Yazılım Mühendisliği'),(375,'20214114','İrem Yıldırım','4','Yazılım Mühendisliği'),(376,'20214115','Zehra Vural','2','Yazılım Mühendisliği'),(377,'20214116','Samet Balcı','4','Yazılım Mühendisliği'),(378,'20214117','Büşra Erdoğdu','4','Yazılım Mühendisliği'),(379,'20214118','Kaan Eser','2','Yazılım Mühendisliği'),(380,'20214119','Mina Gümüş','2','Yazılım Mühendisliği'),(381,'20214120','Mina Küçük','1','Yazılım Mühendisliği'),(382,'20214121','Beril Bayraktar','4','Yazılım Mühendisliği'),(383,'20214122','İlayda Uslu','3','Yazılım Mühendisliği'),(384,'20214123','Neşe Yalın','1','Yazılım Mühendisliği'),(385,'20214124','İlayda Çakır','3','Yazılım Mühendisliği'),(386,'20214125','Zehra Bektaş','1','Yazılım Mühendisliği'),(387,'20214126','Hilal Tuna','3','Yazılım Mühendisliği'),(388,'20214127','Yusuf Ünlü','4','Yazılım Mühendisliği'),(389,'20214128','Büşra Türkmen','2','Yazılım Mühendisliği'),(390,'20214129','Sude Kurtuluş','2','Yazılım Mühendisliği'),(391,'20214130','Zeynep Ünlü','4','Yazılım Mühendisliği'),(392,'20214131','Nisanur Bayraktar','3','Yazılım Mühendisliği'),(393,'20214132','Halil Özdemir','2','Yazılım Mühendisliği'),(394,'20214133','Engin Yurt','2','Yazılım Mühendisliği'),(395,'20214134','İlayda Işık','3','Yazılım Mühendisliği'),(396,'20214135','Hilal Köksal','4','Yazılım Mühendisliği'),(397,'20214136','Ali Bozkaya','1','Yazılım Mühendisliği'),(398,'20214137','Ecem Bektaş','3','Yazılım Mühendisliği'),(399,'20214138','Melis Ünlü','1','Yazılım Mühendisliği'),(400,'20214139','Okan Yolcu','1','Yazılım Mühendisliği'),(401,'20214140','Zehra Ateş','3','Yazılım Mühendisliği'),(402,'20214141','Ecem Taşkın','2','Yazılım Mühendisliği'),(403,'20214142','Alp Uslu','2','Yazılım Mühendisliği'),(404,'20214143','Samet Köksal','1','Yazılım Mühendisliği'),(405,'20214144','Okan Vural','3','Yazılım Mühendisliği'),(406,'20214145','Engin Güzel','3','Yazılım Mühendisliği'),(407,'20214146','Mina Demiral','4','Yazılım Mühendisliği'),(408,'20214147','Hazal Tuna','3','Yazılım Mühendisliği'),(409,'20214148','Tunahan Uysal','2','Yazılım Mühendisliği'),(410,'20214149','Yusuf Akın','1','Yazılım Mühendisliği'),(411,'20214150','Nisanur Altun','2','Yazılım Mühendisliği'),(412,'20214151','İlayda Keser','4','Yazılım Mühendisliği'),(413,'20214152','Dilara Tuna','3','Yazılım Mühendisliği'),(414,'20214153','Nisanur Ateş','4','Yazılım Mühendisliği'),(415,'20214154','Cemre Balcı','1','Yazılım Mühendisliği'),(416,'20214155','Rıdvan Koyuncu','4','Yazılım Mühendisliği'),(417,'20214156','Ayberk Türkmen','4','Yazılım Mühendisliği'),(418,'20214157','Onur Bozkaya','1','Yazılım Mühendisliği'),(419,'20214158','Kıvanç Işık','3','Yazılım Mühendisliği'),(420,'20214159','Duru Bozkaya','3','Yazılım Mühendisliği'),(421,'20214160','Cansu Yolcu','4','Yazılım Mühendisliği'),(422,'20214161','Hilal Tan','1','Yazılım Mühendisliği'),(423,'20214162','İlayda Yaman','3','Yazılım Mühendisliği'),(424,'20214163','Gamze Uslu','3','Yazılım Mühendisliği'),(425,'20214164','Kaan Baş','1','Yazılım Mühendisliği'),(426,'20214165','Özge Yaman','1','Yazılım Mühendisliği'),(427,'20214166','Dilara Tan','2','Yazılım Mühendisliği'),(428,'20214167','Ecem Erkan','1','Yazılım Mühendisliği'),(429,'20214168','Sarp Göçer','3','Yazılım Mühendisliği'),(430,'20214169','Kaan Keser','3','Yazılım Mühendisliği'),(431,'20214170','Yiğit Koyuncu','2','Yazılım Mühendisliği'),(432,'20214171','Neşe Güzel','4','Yazılım Mühendisliği'),(433,'20214172','Neşe Işık','4','Yazılım Mühendisliği'),(434,'20214173','Tolga Vural','3','Yazılım Mühendisliği'),(435,'20214174','Esra Taşkın','2','Yazılım Mühendisliği'),(436,'20214175','Nazlı Türkmen','2','Yazılım Mühendisliği'),(437,'20214176','Beril Işık','3','Yazılım Mühendisliği'),(438,'20214177','Mina Taşkın','2','Yazılım Mühendisliği'),(439,'20214178','Tunahan Yaman','3','Yazılım Mühendisliği'),(440,'20214179','Can Baş','3','Yazılım Mühendisliği'),(441,'20214180','Okan Taşkın','3','Yazılım Mühendisliği'),(442,'20214181','Beril Kurtuluş','4','Yazılım Mühendisliği'),(443,'20214182','Sibel Kalaycı','4','Yazılım Mühendisliği'),(444,'20214183','Rıdvan Yaman','2','Yazılım Mühendisliği'),(445,'20214184','Melis Erdoğdu','2','Yazılım Mühendisliği'),(446,'20214185','Tunahan Akın','1','Yazılım Mühendisliği'),(447,'20214186','Dilara Özer','2','Yazılım Mühendisliği'),(448,'20214187','Hilal Güzel','2','Yazılım Mühendisliği'),(449,'20214188','Baran Taşkın','4','Yazılım Mühendisliği'),(450,'20214189','Hilal Göçer','3','Yazılım Mühendisliği'),(451,'20214190','Alp Taşkın','3','Yazılım Mühendisliği'),(452,'20214191','Beste Dağ','3','Yazılım Mühendisliği'),(453,'20214192','Cansu Türkmen','2','Yazılım Mühendisliği'),(454,'20214193','Sami Önal','2','Yazılım Mühendisliği'),(455,'20214194','İrem Durmaz','2','Yazılım Mühendisliği'),(456,'20214195','Rıdvan Işık','1','Yazılım Mühendisliği'),(457,'20214196','Cansu Erkan','3','Yazılım Mühendisliği'),(458,'20214197','Beste Eser','3','Yazılım Mühendisliği'),(459,'20214198','Halil Canpolat','4','Yazılım Mühendisliği'),(460,'20214199','Beste Yolcu','3','Yazılım Mühendisliği');
/*!40000 ALTER TABLE `ogrenciler` ENABLE KEYS */;
UNLOCK TABLES;

--
-- Table structure for table `sinav_oturma`
--

DROP TABLE IF EXISTS `sinav_oturma`;
/*!40101 SET @saved_cs_client     = @@character_set_client */;
/*!50503 SET character_set_client = utf8mb4 */;
CREATE TABLE `sinav_oturma` (
  `id` int NOT NULL AUTO_INCREMENT,
  `sinav_id` int DEFAULT NULL,
  `ogrenci_id` int DEFAULT NULL,
  `sira` varchar(10) DEFAULT NULL,
  `kolon` int DEFAULT NULL,
  `gozcu` varchar(100) DEFAULT NULL,
  PRIMARY KEY (`id`)
) ENGINE=InnoDB AUTO_INCREMENT=2087 DEFAULT CHARSET=utf8mb4 COLLATE=utf8mb4_0900_ai_ci;
/*!40101 SET character_set_client = @saved_cs_client */;

--
-- Dumping data for table `sinav_oturma`
--

LOCK TABLES `sinav_oturma` WRITE;
/*!40000 ALTER TABLE `sinav_oturma` DISABLE KEYS */;
INSERT INTO `sinav_oturma` VALUES (1055,4,392,'1-1',1,NULL),(1056,4,7,'1-1',2,NULL),(1057,4,271,'1-1',3,NULL),(1058,4,43,'1-1',4,NULL),(1059,4,277,'1-2',1,NULL),(1060,4,23,'1-2',2,NULL),(1061,4,298,'1-2',3,NULL),(1062,4,28,'1-3',1,NULL),(1063,4,286,'1-3',2,NULL),(1064,4,262,'1-3',3,NULL),(1065,4,13,'1-3',4,NULL),(1066,4,38,'2-1',1,NULL),(1067,4,354,'2-1',2,NULL),(1068,4,52,'2-1',3,NULL),(1069,4,268,'2-1',4,NULL),(1070,4,319,'2-2',1,NULL),(1071,4,327,'2-2',2,NULL),(1072,4,358,'2-2',3,NULL),(1073,4,323,'2-3',1,NULL),(1074,4,274,'2-3',2,NULL),(1075,4,8,'2-3',3,NULL),(1076,4,307,'2-3',4,NULL),(1077,4,275,'3-1',1,NULL),(1078,4,33,'3-1',2,NULL),(1079,4,50,'3-1',3,NULL),(1080,4,290,'3-1',4,NULL),(1081,4,361,'3-2',1,NULL),(1082,4,48,'3-2',2,NULL),(1083,4,45,'3-2',3,NULL),(1084,4,18,'3-3',1,NULL),(1085,4,291,'3-3',2,NULL),(1086,4,284,'3-3',3,NULL),(1087,4,313,'3-3',4,NULL),(1088,4,283,'4-1',1,NULL),(1089,4,371,'4-1',2,NULL),(1090,4,340,'4-1',3,NULL),(1091,4,433,'4-1',4,NULL),(1092,4,409,'4-2',1,NULL),(1093,4,394,'4-2',2,NULL),(1094,4,379,'4-2',3,NULL),(1095,4,454,'4-3',1,NULL),(1096,4,438,'4-3',2,NULL),(1097,4,424,'4-3',3,NULL),(1098,4,415,'4-3',4,NULL),(1099,4,413,'5-1',1,NULL),(1100,4,405,'5-1',2,NULL),(1101,4,368,'5-1',3,NULL),(1102,4,440,'5-1',4,NULL),(1103,4,436,'5-2',1,NULL),(1104,4,388,'5-2',2,NULL),(1105,4,372,'5-2',3,NULL),(1106,4,429,'5-3',1,NULL),(1107,4,444,'5-3',2,NULL),(1108,4,397,'5-3',3,NULL),(1109,4,452,'5-3',4,NULL),(1110,4,417,'6-1',1,NULL),(1111,4,402,'6-1',2,NULL),(1112,4,367,'6-1',3,NULL),(1113,4,406,'6-1',4,NULL),(1114,4,401,'6-2',1,NULL),(1115,4,418,'6-2',2,NULL),(1116,4,373,'6-2',3,NULL),(1117,4,376,'6-3',1,NULL),(1118,4,362,'6-3',2,NULL),(1119,4,386,'6-3',3,NULL),(1120,4,445,'6-3',4,NULL),(1121,4,407,'7-1',1,NULL),(1282,2,341,'1-1',1,NULL),(1283,2,318,'1-1',2,NULL),(1284,2,338,'1-1',3,NULL),(1285,2,435,'1-1',4,NULL),(1286,2,379,'1-2',1,NULL),(1287,2,348,'1-2',2,NULL),(1288,2,420,'1-2',3,NULL),(1289,2,58,'1-3',1,NULL),(1290,2,323,'1-3',2,NULL),(1291,2,365,'1-3',3,NULL),(1292,2,36,'1-3',4,NULL),(1293,2,416,'2-1',1,NULL),(1294,2,370,'2-1',2,NULL),(1295,2,16,'2-1',3,NULL),(1296,2,412,'2-1',4,NULL),(1297,2,51,'2-2',1,NULL),(1298,2,358,'2-2',2,NULL),(1299,2,446,'2-2',3,NULL),(1300,2,347,'2-3',1,NULL),(1301,2,342,'2-3',2,NULL),(1302,2,405,'2-3',3,NULL),(1303,2,26,'2-3',4,NULL),(1304,2,438,'3-1',1,NULL),(1305,2,11,'3-1',2,NULL),(1306,2,291,'3-1',3,NULL),(1307,2,385,'3-1',4,NULL),(1308,2,422,'3-2',1,NULL),(1309,2,280,'3-2',2,NULL),(1310,2,352,'3-2',3,NULL),(1311,2,299,'3-3',1,NULL),(1312,2,411,'3-3',2,NULL),(1313,2,321,'3-3',3,NULL),(1314,2,44,'3-3',4,NULL),(1315,2,442,'4-1',1,NULL),(1316,2,346,'4-1',2,NULL),(1317,2,387,'4-1',3,NULL),(1318,2,322,'4-1',4,NULL),(1319,2,334,'4-2',1,NULL),(1320,2,457,'4-2',2,NULL),(1321,2,59,'4-2',3,NULL),(1322,2,404,'4-3',1,NULL),(1323,2,384,'4-3',2,NULL),(1324,2,459,'4-3',3,NULL),(1325,2,314,'4-3',4,NULL),(1326,2,290,'5-1',1,NULL),(1327,2,273,'5-1',2,NULL),(1328,2,345,'5-1',3,NULL),(1329,2,21,'5-1',4,NULL),(1330,2,414,'5-2',1,NULL),(1331,2,303,'5-2',2,NULL),(1332,2,47,'5-2',3,NULL),(1333,2,24,'5-3',1,NULL),(1334,2,275,'5-3',2,NULL),(1335,2,351,'5-3',3,NULL),(1336,2,24,'5-3',4,NULL),(1337,2,453,'6-1',1,NULL),(1338,2,396,'6-1',2,NULL),(1339,2,60,'6-1',3,NULL),(1340,2,366,'6-1',4,NULL),(1341,2,423,'6-2',1,NULL),(1342,2,399,'6-2',2,NULL),(1343,2,425,'6-2',3,NULL),(1344,2,389,'6-3',1,NULL),(1345,2,443,'6-3',2,NULL),(1346,2,402,'6-3',3,NULL),(1347,2,378,'6-3',4,NULL),(1348,2,452,'7-1',1,NULL),(1349,2,380,'7-1',2,NULL),(1350,2,397,'7-1',3,NULL),(1351,2,409,'7-1',4,NULL),(1352,2,9,'7-2',1,NULL),(1353,2,328,'7-2',2,NULL),(1354,2,319,'7-2',3,NULL),(1355,2,431,'7-3',1,NULL),(1356,2,262,'7-3',2,NULL),(1357,2,410,'7-3',3,NULL),(1358,2,264,'7-3',4,NULL),(1359,2,31,'8-1',1,NULL),(1360,2,343,'8-1',2,NULL),(1361,2,7,'8-1',3,NULL),(1362,2,294,'8-1',4,NULL),(1363,2,308,'8-2',1,NULL),(1364,2,288,'8-2',2,NULL),(1365,2,317,'8-2',3,NULL),(1447,3,430,'1-1',1,NULL),(1448,3,411,'1-1',2,NULL),(1449,3,316,'1-1',3,NULL),(1450,3,428,'1-1',4,NULL),(1451,3,305,'1-2',1,NULL),(1452,3,349,'1-2',2,NULL),(1453,3,10,'1-2',3,NULL),(1454,3,4,'1-3',1,NULL),(1455,3,269,'1-3',2,NULL),(1456,3,21,'1-3',3,NULL),(1457,3,392,'1-3',4,NULL),(1458,3,406,'2-1',1,NULL),(1459,3,265,'2-1',2,NULL),(1460,3,431,'2-1',3,NULL),(1461,3,314,'2-1',4,NULL),(1462,3,42,'2-2',1,NULL),(1463,3,419,'2-2',2,NULL),(1464,3,405,'2-2',3,NULL),(1465,3,310,'2-3',1,NULL),(1466,3,363,'2-3',2,NULL),(1467,3,2,'2-3',3,NULL),(1468,3,339,'2-3',4,NULL),(1469,3,397,'3-1',1,NULL),(1470,3,378,'3-1',2,NULL),(1471,3,451,'3-1',3,NULL),(1472,3,263,'3-1',4,NULL),(1473,3,295,'3-2',1,NULL),(1474,3,267,'3-2',2,NULL),(1475,3,335,'3-2',3,NULL),(1476,3,376,'3-3',1,NULL),(1477,3,325,'3-3',2,NULL),(1478,3,356,'3-3',3,NULL),(1479,3,54,'3-3',4,NULL),(1480,3,308,'4-1',1,NULL),(1481,3,17,'4-1',2,NULL),(1482,3,1,'4-1',3,NULL),(1483,3,450,'4-1',4,NULL),(1484,3,400,'4-2',1,NULL),(1485,3,442,'4-2',2,NULL),(1486,3,57,'4-2',3,NULL),(1487,3,437,'4-3',1,NULL),(1488,3,359,'4-3',2,NULL),(1489,3,370,'4-3',3,NULL),(1490,3,410,'4-3',4,NULL),(1491,3,360,'5-1',1,NULL),(1492,3,357,'5-1',2,NULL),(1493,3,1,'5-1',3,NULL),(1494,3,393,'5-1',4,NULL),(1495,3,327,'5-2',1,NULL),(1496,3,318,'5-2',2,NULL),(1497,3,366,'5-2',3,NULL),(1498,3,324,'5-3',1,NULL),(1499,3,418,'5-3',2,NULL),(1500,3,302,'5-3',3,NULL),(1501,3,421,'5-3',4,NULL),(1502,3,332,'6-1',1,NULL),(1503,3,300,'6-1',2,NULL),(1504,3,453,'6-1',3,NULL),(1505,3,11,'6-1',4,NULL),(1506,3,49,'6-2',1,NULL),(1507,3,270,'6-2',2,NULL),(1508,3,434,'6-2',3,NULL),(1509,3,454,'6-3',1,NULL),(1510,3,2,'6-3',2,NULL),(1511,3,31,'6-3',3,NULL),(1512,3,315,'6-3',4,NULL),(1513,3,27,'7-1',1,NULL),(1514,3,353,'7-1',2,NULL),(1515,3,278,'7-1',3,NULL),(1516,3,292,'7-1',4,NULL),(1517,3,350,'7-2',1,NULL),(1518,3,355,'7-2',2,NULL),(1519,3,45,'7-2',3,NULL),(1520,3,380,'7-3',1,NULL),(1521,3,408,'7-3',2,NULL),(1522,3,5,'7-3',3,NULL),(1523,3,330,'7-3',4,NULL),(1524,3,37,'8-1',1,NULL),(1525,3,329,'8-1',2,NULL),(1526,3,328,'8-1',3,NULL),(1527,3,449,'8-1',4,NULL),(1528,5,20,'1-1',1,NULL),(1529,5,30,'1-1',2,NULL),(1530,5,25,'1-1',3,NULL),(1531,5,35,'1-1',4,NULL),(1532,5,40,'1-2',1,NULL),(1533,5,15,'1-2',2,NULL),(2008,1,301,'1-1',1,NULL),(2009,1,439,'1-1',2,NULL),(2010,1,263,'1-1',3,NULL),(2011,1,295,'1-1',4,NULL),(2012,1,391,'1-2',1,NULL),(2013,1,338,'1-2',2,NULL),(2014,1,392,'1-2',3,NULL),(2015,1,41,'1-3',1,NULL),(2016,1,294,'1-3',2,NULL),(2017,1,393,'1-3',3,NULL),(2018,1,5,'1-3',4,NULL),(2019,1,375,'2-1',1,NULL),(2020,1,307,'2-1',2,NULL),(2021,1,46,'2-1',3,NULL),(2022,1,311,'2-1',4,NULL),(2023,1,6,'2-2',1,NULL),(2024,1,445,'2-2',2,NULL),(2025,1,284,'2-2',3,NULL),(2026,1,341,'2-3',1,NULL),(2027,1,457,'2-3',2,NULL),(2028,1,448,'2-3',3,NULL),(2029,1,356,'2-3',4,NULL),(2030,1,390,'3-1',1,NULL),(2031,1,282,'3-1',2,NULL),(2032,1,383,'3-1',3,NULL),(2033,1,332,'3-1',4,NULL),(2034,1,460,'3-2',1,NULL),(2035,1,300,'3-2',2,NULL),(2036,1,293,'3-2',3,NULL),(2037,1,53,'3-3',1,NULL),(2038,1,12,'3-3',2,NULL),(2039,1,331,'3-3',3,NULL),(2040,1,321,'3-3',4,NULL),(2041,1,54,'4-1',1,NULL),(2042,1,276,'4-1',2,NULL),(2043,1,455,'4-1',3,NULL),(2044,1,415,'4-1',4,NULL),(2045,1,304,'4-2',1,NULL),(2046,1,59,'4-2',2,NULL),(2047,1,370,'4-2',3,NULL),(2048,1,323,'4-3',1,NULL),(2049,1,456,'4-3',2,NULL),(2050,1,344,'4-3',3,NULL),(2051,1,297,'4-3',4,NULL),(2052,1,266,'5-1',1,NULL),(2053,1,287,'5-1',2,NULL),(2054,1,16,'5-1',3,NULL),(2055,1,452,'5-1',4,NULL),(2056,1,407,'5-2',1,NULL),(2057,1,327,'5-2',2,NULL),(2058,1,441,'5-2',3,NULL),(2059,1,22,'5-3',1,NULL),(2060,1,369,'5-3',2,NULL),(2061,1,365,'5-3',3,NULL),(2062,1,381,'5-3',4,NULL),(2063,1,26,'6-1',1,NULL),(2064,1,265,'6-1',2,NULL),(2065,1,402,'6-1',3,NULL),(2066,1,32,'6-1',4,NULL),(2067,1,436,'6-2',1,NULL),(2068,1,273,'6-2',2,NULL),(2069,1,36,'6-2',3,NULL),(2070,1,430,'6-3',1,NULL),(2071,1,403,'6-3',2,NULL),(2072,1,315,'6-3',3,NULL),(2073,1,280,'6-3',4,NULL),(2074,1,364,'7-1',1,NULL),(2075,1,285,'7-1',2,NULL),(2076,1,428,'7-1',3,NULL),(2077,1,372,'7-1',4,NULL),(2078,1,429,'7-2',1,NULL),(2079,1,396,'7-2',2,NULL),(2080,1,398,'7-2',3,NULL),(2081,1,423,'7-3',1,NULL),(2082,1,395,'7-3',2,NULL),(2083,1,346,'7-3',3,NULL),(2084,1,433,'7-3',4,NULL),(2085,1,422,'8-1',1,NULL),(2086,1,57,'8-1',2,NULL);
/*!40000 ALTER TABLE `sinav_oturma` ENABLE KEYS */;
UNLOCK TABLES;

--
-- Table structure for table `sinav_programi`
--

DROP TABLE IF EXISTS `sinav_programi`;
/*!40101 SET @saved_cs_client     = @@character_set_client */;
/*!50503 SET character_set_client = utf8mb4 */;
CREATE TABLE `sinav_programi` (
  `id` int NOT NULL AUTO_INCREMENT,
  `ders_id` int NOT NULL,
  `tarih` date NOT NULL,
  `saat` time NOT NULL,
  `gozcu` varchar(100) DEFAULT NULL,
  `onayli` tinyint(1) DEFAULT '0',
  PRIMARY KEY (`id`),
  KEY `ders_id` (`ders_id`),
  CONSTRAINT `sinav_programi_ibfk_1` FOREIGN KEY (`ders_id`) REFERENCES `dersler` (`id`)
) ENGINE=InnoDB AUTO_INCREMENT=16 DEFAULT CHARSET=utf8mb4 COLLATE=utf8mb4_0900_ai_ci;
/*!40101 SET character_set_client = @saved_cs_client */;

--
-- Dumping data for table `sinav_programi`
--

LOCK TABLES `sinav_programi` WRITE;
/*!40000 ALTER TABLE `sinav_programi` DISABLE KEYS */;
INSERT INTO `sinav_programi` VALUES (1,28,'2025-06-15','13:00:00','Melike KÖSESOY',1),(2,26,'2025-06-18','09:00:00','Şevval ŞOLPAN',1),(3,27,'2025-06-20','15:00:00','Şevval ŞOLPAN',1),(4,30,'2025-06-19','12:00:00','Melike KÖSESOY',1),(5,47,'2024-05-23','09:00:00','Şevval ŞOLPAN',1),(6,31,'2025-06-18','15:00:00','Şevval ŞOLPAN',1),(7,49,'2004-07-29','18:00:00','Melike KÖSESOY',1),(8,54,'2025-07-27','09:00:00','Şevval ŞOLPAN',1),(9,68,'2025-05-25','10:00:00','Şevval ŞOLPAN',1),(10,56,'2025-06-21','10:00:00','Şevval ŞOLPAN',1),(11,64,'2025-05-20','14:00:00','Şevval ŞOLPAN',1),(12,60,'2025-04-24','09:00:00','Melike KÖSESOY',0),(13,59,'2025-04-21','10:00:00','Melike KÖSESOY',0),(14,72,'2025-05-22','09:00:00','Melike KÖSESOY',1),(15,69,'2025-05-20','10:00:00','Şevval ŞOLPAN',1);
/*!40000 ALTER TABLE `sinav_programi` ENABLE KEYS */;
UNLOCK TABLES;

--
-- Table structure for table `users`
--

DROP TABLE IF EXISTS `users`;
/*!40101 SET @saved_cs_client     = @@character_set_client */;
/*!50503 SET character_set_client = utf8mb4 */;
CREATE TABLE `users` (
  `id` int NOT NULL AUTO_INCREMENT,
  `name` varchar(100) DEFAULT NULL,
  `email` varchar(100) DEFAULT NULL,
  `password` varchar(255) DEFAULT NULL,
  `role` enum('bolum_baskani','ogretim_elemani','bolum_sekreteri') NOT NULL,
  `created_at` timestamp NULL DEFAULT CURRENT_TIMESTAMP,
  PRIMARY KEY (`id`),
  UNIQUE KEY `email` (`email`)
) ENGINE=InnoDB DEFAULT CHARSET=utf8mb4 COLLATE=utf8mb4_0900_ai_ci;
/*!40101 SET character_set_client = @saved_cs_client */;

--
-- Dumping data for table `users`
--

LOCK TABLES `users` WRITE;
/*!40000 ALTER TABLE `users` DISABLE KEYS */;
/*!40000 ALTER TABLE `users` ENABLE KEYS */;
UNLOCK TABLES;
/*!40103 SET TIME_ZONE=@OLD_TIME_ZONE */;

/*!40101 SET SQL_MODE=@OLD_SQL_MODE */;
/*!40014 SET FOREIGN_KEY_CHECKS=@OLD_FOREIGN_KEY_CHECKS */;
/*!40014 SET UNIQUE_CHECKS=@OLD_UNIQUE_CHECKS */;
/*!40101 SET CHARACTER_SET_CLIENT=@OLD_CHARACTER_SET_CLIENT */;
/*!40101 SET CHARACTER_SET_RESULTS=@OLD_CHARACTER_SET_RESULTS */;
/*!40101 SET COLLATION_CONNECTION=@OLD_COLLATION_CONNECTION */;
/*!40111 SET SQL_NOTES=@OLD_SQL_NOTES */;

-- Dump completed on 2025-06-13 17:33:14
